predicted_score,False,True,Total,True_Ratio
0,3,0,3,0.0
1,0,0,0,
2,8,4,12,0.3333333333333333
3,3,2,5,0.4
4,0,0,0,
5,726,88,814,0.10810810810810811
6,0,0,0,
7,34,3,37,0.08108108108108109
8,12,1,13,0.07692307692307693
9,2,0,2,0.0
10,61,3,64,0.046875
