{
    "model": "llm-jp/llm-jp-3.1-13b-instruct4",
    "accuracy": 0.9348697394789579,
    "precision": 0.9183142559833507,
    "recall": 0.9448608137044968,
    "f1_score": 0.9313984168865436,
    "parse_error_rate": 0.0
}