predicted_score,False,True,Total,True_Ratio
0,176,2,178,0.011235955056179775
1,0,0,0,
2,419,9,428,0.02102803738317757
3,0,0,0,
4,0,0,0,
5,183,46,229,0.20087336244541484
6,0,0,0,
7,15,2,17,0.11764705882352941
8,65,9,74,0.12162162162162163
9,0,0,0,
10,21,3,24,0.125
