predicted_score,False,True,Total,True_Ratio
0,0,0,0,
1,0,1,1,1.0
2,517,47,564,0.08333333333333333
3,102,28,130,0.2153846153846154
4,69,15,84,0.17857142857142858
5,147,8,155,0.05161290322580645
6,14,2,16,0.125
7,0,0,0,
8,0,0,0,
9,0,0,0,
10,0,0,0,
