predicted_score,False,True,Total,True_Ratio
0,0,0,0,
1,0,1,1,1.0
2,535,29,564,0.051418439716312055
3,117,13,130,0.1
4,74,10,84,0.11904761904761904
5,151,4,155,0.025806451612903226
6,15,1,16,0.0625
7,0,0,0,
8,0,0,0,
9,0,0,0,
10,0,0,0,
