{
    "model": "Qwen/Qwen3-Coder-30B-A3B-Instruct",
    "accuracy": 0.81312625250501,
    "precision": 0.7323943661971831,
    "recall": 0.9464668094218416,
    "f1_score": 0.8257823446987389,
    "parse_error_rate": 0.0
}