predicted_score,False,True,Total,True_Ratio
0,176,2,178,0.011235955056179775
1,0,0,0,
2,412,16,428,0.037383177570093455
3,0,0,0,
4,0,0,0,
5,165,64,229,0.2794759825327511
6,0,0,0,
7,13,4,17,0.23529411764705882
8,63,11,74,0.14864864864864866
9,0,0,0,
10,20,4,24,0.16666666666666666
