predicted_score,False,True,Total,True_Ratio
0,0,0,0,
1,159,0,159,0.0
2,462,9,471,0.01910828025477707
3,64,6,70,0.08571428571428572
4,95,21,116,0.1810344827586207
5,112,22,134,0.16417910447761194
6,0,0,0,
7,0,0,0,
8,0,0,0,
9,0,0,0,
10,0,0,0,
