{
    "model": "openai/gpt-oss-20b",
    "accuracy": 0.7216575449569976,
    "precision": 0.6267887807670292,
    "recall": 0.948051948051948,
    "f1_score": 0.7546519641626465,
    "parse_error_rate": 0.3592184368737475
}

