predicted_score,False,True,Total,True_Ratio
0,0,0,0,
1,0,1,1,1.0
2,530,34,564,0.06028368794326241
3,116,14,130,0.1076923076923077
4,71,13,84,0.15476190476190477
5,148,7,155,0.04516129032258064
6,14,2,16,0.125
7,0,0,0,
8,0,0,0,
9,0,0,0,
10,0,0,0,
