predicted_score,False,True,Total,True_Ratio
0,0,0,0,
1,157,2,159,0.012578616352201259
2,459,12,471,0.025477707006369428
3,65,5,70,0.07142857142857142
4,93,23,116,0.19827586206896552
5,105,29,134,0.21641791044776118
6,0,0,0,
7,0,0,0,
8,0,0,0,
9,0,0,0,
10,0,0,0,
