predicted_score,False,True,Total,True_Ratio
0,178,0,178,0.0
1,0,0,0,
2,421,7,428,0.016355140186915886
3,0,0,0,
4,0,0,0,
5,189,40,229,0.17467248908296942
6,0,0,0,
7,15,2,17,0.11764705882352941
8,67,7,74,0.0945945945945946
9,0,0,0,
10,22,2,24,0.08333333333333333
