predicted_score,False,True,Total,True_Ratio
0,0,0,0,
1,154,5,159,0.031446540880503145
2,455,16,471,0.03397027600849257
3,58,12,70,0.17142857142857143
4,80,36,116,0.3103448275862069
5,102,32,134,0.23880597014925373
6,0,0,0,
7,0,0,0,
8,0,0,0,
9,0,0,0,
10,0,0,0,
