predicted_score,False,True,Total,True_Ratio
0,3,0,3,0.0
1,0,0,0,
2,8,4,12,0.3333333333333333
3,3,2,5,0.4
4,0,0,0,
5,756,58,814,0.07125307125307126
6,0,0,0,
7,35,2,37,0.05405405405405406
8,12,1,13,0.07692307692307693
9,2,0,2,0.0
10,60,4,64,0.0625
