predicted_score,False,True,Total,True_Ratio
0,3,0,3,0.0
1,0,0,0,
2,10,2,12,0.16666666666666666
3,4,1,5,0.2
4,0,0,0,
5,762,52,814,0.06388206388206388
6,0,0,0,
7,36,1,37,0.02702702702702703
8,12,1,13,0.07692307692307693
9,2,0,2,0.0
10,63,1,64,0.015625
