{
    "model": "Qwen/Qwen2.5-32B-Instruct-AWQ",
    "accuracy": 0.8960420841683366,
    "precision": 0.9266001174398121,
    "recall": 0.8447537473233405,
    "f1_score": 0.8837860543265191,
    "parse_error_rate": 0.0
}